Workbook

Sheet الحسبة للباقات
A1: الباقة | B1: المواد للغسلة | C1: العمال للغسلة | D1: بنزين وكهرباء للغسلة | E1: التكلفة الكاملة | F1: سعر صالون | G1: ربح صالون | H1: سعر جيب | I1: ربح جيب
A2: ببلز | B2: ='مواد الغسلة'!B11 -> 0.25265152 | C2: =المدخلات!B2*المدخلات!B3/(المدخلات!B5*المدخلات!B6*المدخلات!B7) -> 2.0512821 | D2: =المدخلات!B4*المدخلات!B5*52/12/(المدخلات!B5*المدخلات!B6*المدخلات!B7) -> 0.27777778 | E2: =B2+C2+D2 -> 2.5817113 | F2: 5 | G2: =F2-E2 -> 2.4182887 | H2: 6 | I2: =H2-E2 -> 3.4182887
A3: دبل ببلز | B3: ='مواد الغسلة'!C11 -> 0.60265152 | C3: =المدخلات!B2*المدخلات!B3/(المدخلات!B5*المدخلات!B6*المدخلات!B7) -> 2.0512821 | D3: =المدخلات!B4*المدخلات!B5*52/12/(المدخلات!B5*المدخلات!B6*المدخلات!B7) -> 0.27777778 | E3: =B3+C3+D3 -> 2.9317113 | F3: 7 | G3: =F3-E3 -> 4.0682887 | H3: 9 | I3: =H3-E3 -> 6.0682887
A4: سوبر ببلز | B4: ='مواد الغسلة'!D11 -> 0.78265152 | C4: =المدخلات!B2*المدخلات!B3/(المدخلات!B5*المدخلات!B6*المدخلات!B7) -> 2.0512821 | D4: =المدخلات!B4*المدخلات!B5*52/12/(المدخلات!B5*المدخلات!B6*المدخلات!B7) -> 0.27777778 | E4: =B4+C4+D4 -> 3.1117113 | F4: 15 | G4: =F4-E4 -> 11.888289 | H4: 20 | I4: =H4-E4 -> 16.888289
A5: سوبر توب ببلز | B5: ='مواد الغسلة'!E11 -> 1.2776515 | C5: =المدخلات!B2*المدخلات!B3/(المدخلات!B5*المدخلات!B6*المدخلات!B7) -> 2.0512821 | D5: =المدخلات!B4*المدخلات!B5*52/12/(المدخلات!B5*المدخلات!B6*المدخلات!B7) -> 0.27777778 | E5: =B5+C5+D5 -> 3.6067113 | F5: 20 | G5: =F5-E5 -> 16.393289 | H5: 25 | I5: =H5-E5 -> 21.393289
A6: سبشل ببلز | B6: ='مواد الغسلة'!F11 -> 3.2776515 | C6: =المدخلات!B2*المدخلات!B3/(المدخلات!B5*المدخلات!B6*المدخلات!B7) -> 2.0512821 | D6: =المدخلات!B4*المدخلات!B5*52/12/(المدخلات!B5*المدخلات!B6*المدخلات!B7) -> 0.27777778 | E6: =B6+C6+D6 -> 5.6067113 | F6: 35 | G6: =F6-E6 -> 29.393289 | H6: 40 | I6: =H6-E6 -> 34.393289
A8: الشهر (312 غسلة، توزيع 50/30/15/5)
A9: الإيراد الشهري | B9: =312*(0.5*AVERAGE(F2,H2)+0.3*AVERAGE(F3,H3)+0.15*AVERAGE(F4,H4,F5,H5)+0.05*AVERAGE(F6,H6)) -> 3127.8
A10: المواد الشهرية | B10: =312*(0.5*B2+0.3*B3+0.15*AVERAGE(B4,B5)+0.05*B6) -> 195.16427
A11: العمال الشهرية | B11: =المدخلات!B2*المدخلات!B3 -> 640
A12: البنزين والكهرباء الشهرية | B12: =المدخلات!B4*المدخلات!B5*52/12 -> 86.666667
A13: الإعلانات | B13: =المدخلات!B18 -> 100
A14: إجمالي التكلفة الشهرية | B14: =B10+B11+B12+B13 -> 1021.8309
A15: الربح الشهري | B15: =B9-B14 -> 2105.9691
A16: نقطة التعادل (غسلات بالشهر) | B16: =ROUNDUP((B11+B12+B13)/((B9-B10)/312),0) -> 88

Sheet المدخلات
A1: البند | B1: القيمة | C1: الوحدة | D1: المصدر
A2: عدد العمال | B2: 4 | C2: عامل | D2: ملاحظات ميثم
A3: راتب العامل | B3: 160 | C3: د.ك/شهر | D3: ملاحظات ميثم
A4: بنزين + كهرباء لكل سيارة | B4: 10 | C4: د.ك/أسبوع | D4: ملاحظات ميثم
A5: عدد السيارات | B5: 2 | C5: سيارة | D5: الملف
A6: غسلات باليوم لكل سيارة (حد أدنى) | B6: 6 | C6: غسلة | D6: ملاحظات ميثم
A7: أيام العمل بالشهر | B7: 26 | C7: يوم | D7: افتراض
A8: شامبو 20 لتر | B8: 9 | C8: د.ك | D8: ملاحظات ميثم
A9: كيميكال 5 لتر | B9: 35 | C9: د.ك | D9: ملاحظات ميثم
A10: سعر الفوطة | B10: 0.75 | C10: د.ك | D10: ملف الموردين
A11: عمر الفوطة | B11: 30 | C11: غسلة | D11: ملاحظات ميثم
A12: فوط باليوم | B12: 10 | C12: فوطة | D12: ملاحظات ميثم
A13: كلينكس 1000 علبة | B13: 65 | C13: د.ك | D13: ملاحظات ميثم
... A18: إعلانات | B18: 100 | C18: د.ك/شهر | D18: افتراض

Sheet مواد الغسلة
A1: المادة | B1: ببلز | C1: دبل | D1: سوبر | E1: سوبر توب | F1: سبشل | G1: ملاحظة
A2: شامبو (0.5 لتر، 25% مركز) | B2: =0.5*(12.5/49.5)*(المدخلات!B8/20) -> 0.056818182 | C2: =B2 -> 0.056818182 | D2: =B2 -> 0.056818182 | E2: =B2 -> 0.056818182 | F2: =B2 -> 0.056818182 | G2: 12.5 لتر من 49.5 خليط
A3: كيميكال 250 مل (5 من 50) | B3: =0.25*(5/50)*(المدخلات!B9/5) -> 0.175 | C3: =B3 -> 0.175 | D3: =B3 -> 0.175 | E3: =B3 -> 0.175 | F3: =B3 -> 0.175 | G3: 5 لتر + 45 ماء
A4: فوط (10 باليوم ÷ 12 غسلة) | B4: =(المدخلات!B12/(المدخلات!B5*المدخلات!B6))*(المدخلات!B10/المدخلات!B11) -> 0.020833333 | C4: =B4 -> 0.020833333 | D4: =B4 -> 0.020833333 | E4: =B4 -> 0.020833333 | F4: =B4 -> 0.020833333 | G4: فوط تنشيف وتنظيف
A5: ملمع تواير (40 مل) | B5: 0 | C5: =المدخلات!B16*(المدخلات!B15/500) -> 0.24 | D5: =C5 -> 0.24 | E5: =C5 -> 0.24 | F5: =C5 -> 0.24 | G5: جاهز للرش
A6: واكس خارجي (تقدير) | B6: 0 | C6: 0.02 | D6: =C6 -> 0.02 | E6: =C6 -> 0.02 | F6: =C6 -> 0.02 | G6: تقدير
A7: كيميكال إضافي (طبلون وكشنات) | B7: 0 | C7: 0.09 | D7: 0.27 | E7: 0.27 | F7: 0.27 | G7: تقدير
A8: معطر + كلينكس (هدية) | B8: 0 | C8: 0 | D8: 0 | E8: =المدخلات!B14+المدخلات!B13/1000 -> 0.315 | F8: =E8 -> 0.315 | G8: توب وسبشل
A9: كشنات عميقة (توب) | B9: 0 | C9: 0 | D9: 0 | E9: 0.18 | F9: 0.18 | G9: تقدير
A10: بوليش (سبشل) | B10: 0 | C10: 0 | D10: 0 | E10: 0 | F10: =المدخلات!B17 -> 2 | G10: تقدير
A11: مجموع المواد للغسلة | B11: =SUM(B2:B10) -> 0.25265152 | C11: =SUM(C2:C10) -> 0.60265152 | D11: =SUM(D2:D10) -> 0.78265152 | E11: =SUM(E2:E10) -> 1.2776515 | F11: =SUM(F2:F10) -> 3.2776515
